{"derivedValueCoeffMap": null, "randomSeed": 1234, "subModels": null, "durableCoeffMap": {"DerivedValues": [[0, 1, 1], [10, 3, 1]], "HouseholdModeledData": [[2, 2, 1]], "Zones": [[1, 4, 4]], "Constants": [[0, 0, 1]]}, "congestionShifts": null, "inboundCoeffMap": null, "inboundCoeffs": [[]], "configFileName": "FullyJointTourSubmodel_Generation", "altSpecificConsts": [0, -7.24051357, -5.91516774, -6.77986902, -6.4645848, -13.34625015, -11.09180281, -11.88239302, -11.57295248, -9.95448428, -10.55704719, -10.37982317, -10.40391116, -11.70423306, -10.45439294], "sizeFunction": null, "durableCoeffs": [[NaN, 0.0, 0.0, 0, NaN, 0.0, 0.0, 0.0], [NaN, -2.13954591, 0.0, 0.25274415, NaN, 0.26153871, 0.12735789, -0.02399971], [NaN, -2.13954591, -0.11791742, 0.25274415, NaN, 0.0, 0.12735789, 0.0], [NaN, -2.13954591, -0.27695142, 0.25274415, NaN, 0.0, 0.12735789, -0.01206361], [NaN, -2.13954591, 0.0, 0.25274415, NaN, 0.0, 0.12735789, 0.0], [NaN, -2.13954591, 0.0, 0.25274415, NaN, 0.26153871, 0.12735789, -0.02399971], [NaN, -2.13954591, -0.11791742, 0.25274415, NaN, 0.26153871, 0.12735789, -0.02399971], [NaN, -2.13954591, -0.27695142, 0.25274415, NaN, 0.26153871, 0.12735789, -0.03606332], [NaN, -2.13954591, 0.0, 0.25274415, NaN, 0.26153871, 0.12735789, -0.02399971], [NaN, -2.13954591, -0.11791742, 0.25274415, NaN, 0.0, 0.12735789, 0.0], [NaN, -2.13954591, -0.39486884, 0.25274415, NaN, 0.0, 0.12735789, -0.01206361], [NaN, -2.13954591, -0.11791742, 0.25274415, NaN, 0.0, 0.12735789, 0.0], [NaN, -2.13954591, -0.27695142, 0.25274415, NaN, 0.0, 0.12735789, -0.01206361], [NaN, -2.13954591, -0.27695142, 0.25274415, NaN, 0.0, 0.12735789, -0.01206361], [NaN, -2.13954591, 0.0, 0.25274415, NaN, 0.0, 0.12735789, 0.0]], "segmentCoeffMap": [{"Vector": "durable", "Segment": 0, "Coefficients": [[0.0, 0.0, 0.0, 0.0, 0.0], [0.138384, 0.138384, 0.0, 0.0, 0.0], [0.138384, 0.138384, 0.0, 0.0, 0.0], [0.138384, 0.138384, 0.0, 0.0, 0.0], [0.138384, 0.138384, 0.0, 0.0, 0.0], [0.138384, 0.138384, 0.0, 0.0, 0.0], [0.138384, 0.138384, 0.0, 0.0, 0.0], [0.138384, 0.138384, 0.0, 0.0, 0.0], [0.138384, 0.138384, 0.0, 0.0, 0.0], [0.138384, 0.138384, 0.0, 0.0, 0.0], [0.138384, 0.138384, 0.0, 0.0, 0.0], [0.138384, 0.138384, 0.0, 0.0, 0.0], [0.138384, 0.138384, 0.0, 0.0, 0.0], [0.138384, 0.138384, 0.0, 0.0, 0.0], [0.138384, 0.138384, 0.0, 0.0, 0.0]], "Offset": 0}, {"Vector": "durable", "Segment": 0, "Coefficients": [[0.0, 0.0, 0.0, 0.0, 0.0], [0.0, 0.0, 0.0, 0.0, 0.0], [0.0, 0.0, 0.0, 0.0, 0.0], [0.0, 0.0, 0.0, 0.0, 0.0], [0.0, 0.0, 0.0, 0.0, 0.290694], [0.0, 0.0, 0.0, 0.0, 0.0], [0.0, 0.0, 0.0, 0.0, 0.0], [0.0, 0.0, 0.0, 0.0, 0.0], [0.0, 0.0, 0.0, 0.0, 0.290694], [0.0, 0.0, 0.0, 0.0, 0.0], [0.0, 0.0, 0.0, 0.0, 0.0], [0.0, 0.0, 0.0, 0.0, 0.290694], [0.0, 0.0, 0.0, 0.0, 0.0], [0.0, 0.0, 0.0, 0.0, 0.290694], [0.0, 0.0, 0.0, 0.0, 0.290694]], "Offset": 4}], "departureConsts": null, "outboundCoeffs": [[]], "sizeFunctionSegmentCoeffMap": null, "matrixWriterReferences": null, "dataReferences": [{"values": [1], "type": "constants", "name": "Constants", "columns": ["One"]}, {"dataType": "int", "type": "memory", "name": "HouseholdBaseData", "columns": ["HHID", "HHINC5S", "HHZON", "HCHILD3", "HSTUD", "HFTW", "HPTW", "HNWA", "HSEN", "HH1PERSON", "ADULT1KIDS", "hhsize"]}, {"dataType": "int", "type": "memory", "name": "PersonBaseData", "columns": ["personId", "HHID", "HHINC5S", "HHZON", "ptypeDAP", "gender"]}, {"dataType": "int", "type": "memory", "name": "HouseholdModeledData", "columns": ["hhId", "homeZoneId", "nCars", "nC1_MND", "nC2_MND", "nC3_MND", "nAdS_MND", "nFTW_MND", "nNWA_MND", "nSen_MND", "nPTW_MND", "nHH_MND", "nC1_NMT", "nC2_NMT", "nC3_NMT", "nAdS_NMT", "nFTW_NMT", "nPTW_NMT", "nNWA_NMT", "nSen_NMT", "nHH_NMT", "nCT1_Sch", "nCT2_Sch", "nCT3_Sch", "nCT4_Sch", "nCT5_Sch", "nC_SAH", "nCh_0Tours", "nAdt_0Tours"]}, {"dataType": "double", "type": "memory", "name": "PersonModeledData", "columns": ["personId", "hhId", "homeZoneId", "DAPId", "tourCount", "slotsArriv", "slotsDeprt", "slotsUsed"]}, {"dataType": "int", "type": "memory", "name": "DerivedValues", "columns": ["noCarsInHh", "workersGTcars", "hhSizeEqualsTwo", "nochildreninHh", "oneAdultinHh", "gt2AdultsinHH", "All_Adults_MND", "gt1Child_NoPrevTour", "gt1Adult_NoPrevTour", "gt1HhMember_NoPrevTour", "xchildrenInHH", "xchildren_MND", "total_DAP", "noPrevTour"]}, {"dataType": "double", "type": "memory", "name": "DerivedDoubleValues", "columns": ["maxWinChildren", "maxWinAdults", "maxWinHH", "maxWinHHInc", "maxWinHHInc4", "maxWinMixAdltChld"]}, {"type": "memory", "name": "Zones", "columns": ["zoneId", "tw_acc", "rehwyacc10", "tetracc15", "ext_dist"]}], "durationConsts": null, "sizeFunctionDurableCoeffMap": null, "outboundCoeffMap": null, "arrivalConsts": null, "durationPivot": null, "outInCoeffMap": null, "arrivalPivot": null, "sizeFunctionSegmentDefinitions": null, "outOfVehicleWeight": null, "numberOfZones": 3030, "shiftCoeffs": null, "shiftCoeffMap": null, "segmentDefinitions": [{"DataRef": "HouseholdBaseData", "Name": "Income 5 segment", "DataRange": [0, 1, 2, 3, 4], "Offset": 1}], "altThetas": null, "valueOfTime": null, "transientCoeffs": [[0, 0, 0, 0, 0.0, 0.0, 0.0, 0.0, 0.0, 0.0, 0.0, 0.0, 0, 0], [-1.81154416, -1.61154416, -0.08180954, -0.08180954, 0.0, 0.18661512, 0.0, 0.0, 0.23636285, 1.39580664, -0.02814237, 0.0, 0, 1.55], [-1.81154416, -1.61154416, -0.08180954, -0.08180954, 0.0, 0.36096999, 0.0, 0.0, 0.23636285, 1.39580664, -0.02814237, 0.0, 0, 1.55], [-1.81154416, -1.61154416, -0.08180954, -0.08180954, 0.0, 0.36096999, 0.0, 0.0, 0.49742395, 1.39580664, -0.02814237, 0.0875694, 0, 1.95], [-1.81154416, -1.61154416, -0.08180954, -0.08180954, -0.16086151, 0.54913931, 0.0, 0.0, 0.15215574, 1.39580664, -0.02814237, 0.21303279, 0, 1.1], [-2.25690008, -2.05690008, 0.09332842, 0.09332842, 0.0, 0.46790686, 0.90686234, 0.11781168, 0.23636285, 1.39580664, -0.02814237, 0.0, 0, 1.55], [-2.25690008, -2.05690008, 0.09332842, 0.09332842, 0.0, 0.46790686, 0.90686234, 0.11781168, 0.23636285, 1.39580664, -0.02814237, 0.0, 0, 1.55], [-2.25690008, -2.05690008, 0.09332842, 0.09332842, 0.0, 0.46790686, 0.90686234, 0.11781168, 0.49742395, 1.39580664, -0.02814237, 0.0875694, 0, 1.95], [-2.25690008, -2.05690008, 0.09332842, 0.09332842, -0.16086151, 0.65607618, 0.90686234, 0.11781168, 0.15215574, 1.39580664, -0.02814237, 0.21303279, 0, 1.1], [-2.25690008, -2.05690008, 0.09332842, 0.09332842, 0.0, 0.64226173, 0.90686234, 0.11781168, 0.23636285, 1.39580664, -0.02814237, 0.0, 0, 1.55], [-2.25690008, -2.05690008, 0.09332842, 0.09332842, 0.0, 0.64226173, 0.90686234, 0.11781168, 0.49742395, 1.39580664, -0.02814237, 0.0875694, 0, 1.55], [-2.25690008, -2.05690008, 0.09332842, 0.09332842, -0.16086151, 0.83043105, 0.90686234, 0.11781168, 0.15215574, 1.39580664, -0.02814237, 0.21303279, 0, 1.1], [-2.25690008, -2.05690008, 0.09332842, 0.09332842, 0.0, 0.64226173, 0.90686234, 0.11781168, 0.49742395, 1.39580664, -0.02814237, 0.0875694, 0, 1.95], [-2.25690008, -2.05690008, 0.09332842, 0.09332842, -0.16086151, 0.83043105, 0.90686234, 0.11781168, 0.41321684, 1.39580664, -0.02814237, 0.30060219, 0, 1.1], [-2.25690008, -2.05690008, 0.09332842, 0.09332842, -0.16086151, 0.83043105, 0.90686234, 0.11781168, 0.15215574, 1.39580664, -0.02814237, 0.21303279, 0, 1.1]], "instantiationType": "ModelComponent", "altNames": ["0 Tours", "1 Meal", "1 Shopping", "1 Personal-Business", "1 Social-Recreation", "2 Meal", "1 Meal + 1 Shopping", "1 Meal + 1 Personal-Business", "1 Meal + 1 Social-Recreation", "2 Shopping", "1 Shopping + 1 Personal-Business", "1 Shopping + 1 Social-Recreation", "2 Personal-Business", "1 Personal-Business + 1 Social-Recreation", "2 Social-Recreation"], "tourCoeffMap": null, "sizeFunctionTransientCoeffMap": null, "outInCoeffs": [[]], "modelComponentName": "FullyJointTourSubmodelGeneration", "autoTotGenTimeCoeff": null, "transientCoeffMap": {"DerivedValues": [[11, 4, 3]], "HouseholdModeledData": [[7, 0, 1], [10, 1, 1], [16, 2, 2], [9, 12, 1], [19, 13, 1]],