{"derivedValueCoeffMap": null, "randomSeed": 1234, "subModels": null, "durableCoeffMap": {"Household": [[4, 0, 1]]}, "congestionShifts": null, "inboundCoeffMap": null, "inboundCoeffs": [[]], "configFileName": "StopGenerationSubmodel_FullyJointHalfTour1", "altSpecificConsts": [0, -5.89159, -3.64916, -8.14339, -2.94278, -3.73812, -9.57078, -7.80639, -11.95122, -7.1323, -7.89534, -6.20398, -8.1094, -5.39221, -5.87962, -10.14714, -7.20671, -10.15956, -5.31248, -4.94654, -5.74187], "sizeFunction": null, "durableCoeffs": [[0], [-0.2], [-0.91377], [-0.2], [-0.2], [-0.2], [-0.4], [-1.11377], [-0.4], [-0.4], [-0.4], [-1.11377], [-1.11377], [-1.11377], [-1.11377], [-0.4], [-0.4], [-0.4], [-0.4], [-0.4], [-0.4]], "segmentCoeffMap": [{"Vector": "transient", "Segment": 0, "Coefficients": [[0.0, 0.0, 0.0, 0.0, 0.0], [0.0, 3.4991, 1.63211, 0.0, 0.0], [0.0, 0.0, 1.63211, 0.0, 0.0], [0.0, 0.0, 1.63211, 0.0, 0.0], [0.0, 0.0, 1.63211, 0.0, 0.0], [0.0, 0.0, 1.26877, 0.14038, 0.0], [0.0, 3.4991, 1.63211, 0.0, 0.0], [0.0, 3.4991, 1.63211, 0.0, 0.0], [0.0, 3.4991, 1.63211, 0.0, 0.0], [0.0, 3.4991, 1.63211, 0.0, 0.0], [0.0, 3.4991, 1.26877, 0.14038, 0.0], [0.0, 0.0, 1.63211, 0.0, 0.0], [0.0, 0.0, 1.63211, 0.0, 0.0], [0.0, 0.0, 1.63211, 0.0, 0.0], [0.0, 0.0, 1.26877, 0.14038, 0.0], [0.0, 0.0, 1.63211, 0.0, 0.0], [0.0, 0.0, 1.63211, 0.0, 0.0], [0.0, 0.0, 1.26877, 0.14038, 0.0], [0.0, 0.0, 1.63211, 0.0, 0.0], [0.0, 0.0, 1.26877, 0.14038, 0.0], [0.0, 0.0, 1.26877, 0.14038, 0.0]], "Offset": 0}, {"Vector": "transient", "Segment": 0, "Coefficients": [[0.0, 0.0, 0.0, 0.0, 0.0], [-0.00115, 0.00239, 0.00239, 0.00239, 0.00239], [-0.00115, 0.00239, 0.00239, 0.00239, 0.00239], [-0.00115, 0.00239, 0.00239, 0.00239, 0.00239], [-0.00115, 0.00239, 0.00239, 0.00239, 0.00239], [-0.00115, 0.00239, 0.00239, 0.00239, 0.00239], [-0.00115, 0.00239, 0.00239, 0.00239, 0.00239], [-0.00115, 0.00239, 0.00239, 0.00239, 0.00239], [-0.00115, 0.00239, 0.00239, 0.00239, 0.00239], [-0.00115, 0.00239, 0.00239, 0.00239, 0.00239], [-0.00115, 0.00239, 0.00239, 0.00239, 0.00239], [-0.00115, 0.00239, 0.00239, 0.00239, 0.00239], [-0.00115, 0.00239, 0.00239, 0.00239, 0.00239], [-0.00115, 0.00239, 0.00239, 0.00239, 0.00239], [-0.00115, 0.00239, 0.00239, 0.00239, 0.00239], [-0.00115, 0.00239, 0.00239, 0.00239, 0.00239], [-0.00115, 0.00239, 0.00239, 0.00239, 0.00239], [-0.00115, 0.00239, 0.00239, 0.00239, 0.00239], [-0.00115, 0.00239, 0.00239, 0.00239, 0.00239], [-0.00115, 0.00239, 0.00239, 0.00239, 0.00239], [-0.00115, 0.00239, 0.00239, 0.00239, 0.00239]], "Offset": 8}, {"Vector": "transient", "Segment": 0, "Coefficients": [[0.0, 0.0, 0.0, 0.0, 0.0], [-0.41731, 0.09451, 0.0, 0.0, 0.0], [-0.41731, 0.09451, 0.0, 0.0, 0.0], [-0.41731, 0.09451, 0.0, 0.0, 0.0], [-0.41731, 0.09451, 0.0, 0.0, 0.0], [-0.41731, 0.09451, 0.0, 0.0, 0.0], [-0.41731, 0.09451, 0.0, 0.0, 0.0], [-0.41731, 0.09451, 0.0, 0.0, 0.0], [-0.41731, 0.09451, 0.0, 0.0, 0.0], [-0.41731, 0.09451, 0.0, 0.0, 0.0], [-0.41731, 0.09451, 0.0, 0.0, 0.0], [-0.41731, 0.09451, 0.0, 0.0, 0.0], [-0.41731, 0.09451, 0.0, 0.0, 0.0], [-0.41731, 0.09451, 0.0, 0.0, 0.0], [-0.41731, 0.09451, 0.0, 0.0, 0.0], [-0.41731, 0.09451, 0.0, 0.0, 0.0], [-0.41731, 0.09451, 0.0, 0.0, 0.0], [-0.41731, 0.09451, 0.0, 0.0, 0.0], [-0.41731, 0.09451, 0.0, 0.0, 0.0], [-0.41731, 0.09451, 0.0, 0.0, 0.0], [-0.41731, 0.09451, 0.0, 0.0, 0.0]], "Offset": 11}, {"Vector": "transient", "Segment": 0, "Coefficients": [[0.0, 0.0, 0.0, 0.0, 0.0], [1.40472, 0.58986, 0.28564, 0.58986, 0.58986], [1.40472, 0.58986, 0.28564, 0.58986, 0.58986], [1.40472, 0.58986, 0.28564, 0.58986, 0.58986], [1.40472, 0.58986, 0.28564, 0.58986, 0.58986], [1.40472, 0.58986, 0.28564, 0.58986, 0.58986], [1.29191, 0.47705, 0.17283, 0.47705, 0.47705], [1.29191, 0.47705, 0.17283, 0.47705, 0.47705], [1.29191, 0.47705, 0.17283, 0.47705, 0.47705], [1.29191, 0.47705, 0.17283, 0.47705, 0.47705], [1.29191, 0.47705, 0.17283, 0.47705, 0.47705], [1.29191, 0.47705, 0.17283, 0.47705, 0.47705], [1.29191, 0.47705, 0.17283, 0.47705, 0.47705], [1.29191, 0.47705, 0.17283, 0.47705, 0.47705], [1.29191, 0.47705, 0.17283, 0.47705, 0.47705], [1.29191, 0.47705, 0.17283, 0.47705, 0.47705], [1.29191, 0.47705, 0.17283, 0.47705, 0.47705], [1.29191, 0.47705, 0.17283, 0.47705, 0.47705], [1.29191, 0.47705, 0.17283, 0.47705, 0.47705], [1.29191, 0.47705, 0.17283, 0.47705, 0.47705], [1.29191, 0.47705, 0.17283, 0.47705, 0.47705]], "Offset": 12}, {"Vector": "transient", "Segment": 0, "Coefficients": [[0.0, 0.0, 0.0, 0.0, 0.0], [0.0, 1.06916, 0.0, 0.0, 0.0], [-3.54984, -2.48068, -3.54984, -3.54984, -3.54984], [0.0, 1.06916, 0.0, 0.0, 0.0], [-0.96551, 0.10364, -0.96551, -0.96551, -0.96551], [0.0, 1.06916, 0.0, 0.0, 0.0], [0.0, 1.06916, 0.0, 0.0, 0.0], [-3.54984, -2.48068, -3.54984, -3.54984, -3.54984], [0.0, 1.06916, 0.0, 0.0, 0.0], [-0.96551, 0.10364, -0.96551, -0.96551, -0.96551], [0.0, 1.06916, 0.0, 0.0, 0.0], [-3.54984, -2.48068, -3.54984, -3.54984, -3.54984], [-3.54984, -2.48068, -3.54984, -3.54984, -3.54984], [-4.51535, -3.4462, -4.51535, -4.51535, -4.51535], [-3.54984, -2.48068, -3.54984, -3.54984, -3.54984], [0.0, 1.06916, 0.0, 0.0, 0.0], [-0.96551, 0.10364, -0.96551, -0.96551, -0.96551], [0.0, 1.06916, 0.0, 0.0, 0.0], [-0.96551, 0.10364, -0.96551, -0.96551, -0.96551], [-0.96551, 0.10364, -0.96551, -0.96551, -0.96551], [0.0, 1.06916, 0.0, 0.0, 0.0]], "Offset": 13}], "departureConsts": null, "outboundCoeffs": [[]], "sizeFunctionSegmentCoeffMap": null, "matrixWriterReferences": null, "dataReferences": [{"values": [1], "type": "constants", "name": "Constants", "columns": ["One"]}, {"dataType": "int", "type": "memory", "name": "Household", "columns": ["hhinc5s", "numCarsInHh", "noCarsInHh", "hhIncLt50k", "hhIncGt100k", "hChildren"]}, {"dataType": "int", "type": "memory", "name": "Person", "columns": ["isChild2", "isChild3", "isPartTimeWorker", "isFullTimeWorker", "male", "ageGt35", "isSenior", "isAdultStudent", "isNonWorkingAdult"]}, {"dataType": "int", "type": "memory", "name": "Day", "columns": ["numFullyJointNMT", "numIndNonMnd", "numMandatory", "numWork", "numSchool", "numUniversity", "numSocialRecreation", "numPersonalBusiness", "schoolEscortHT1", "schoolEscortHT2", "2+schoolEscort", "1+Mandatory", "1+Work", "1+FJT"]}, {"dataType": "double", "type": "memory", "name": "Tour", "columns": ["purpose", "duration", "ln1+availablePeriodsHt1", "ln1+availablePeriodsHt2", "arrivalBefore8:00am", "arrivalBefore9:00am", "arrival9:00amTo12pm", "arrivalAfter12:00pm", "arrivalAfter3:00pm", "arrivalAfter4:00pm", "departureBefore9:00am", "departureBefore10:00am", "departure9:00amTo12pm", "departureBefore12:00pm", "departureAfter4:00pm", "departureAfter6:00pm", "arrivalBefore10:00am", "arrivalAfter7:00pm"]}, {"dataType": "int", "type": "memory", "name": "FullyJointTour", "columns": ["groupSize", "groupSizeEq2", "onlyChildren", "1+adults", "onlyMales", "1+females", "1+senior", "1+worker", "1+mandDap"]}, {"dataType": "int", "type": "memory", "name": "WorkBasedSubtour", "columns": ["parentDriveAlone"]}, {"dataType": "double", "type": "memory", "name": "TourLevelOfService", "columns": ["roundTripDistance", "mixedUseDensity", "employmentDensity"]}, {"dataType": "int", "type": "memory", "name": "StopsHalfTour1", "columns": ["totalStops", "numWork", "numMeal", "numPersonalBusiness", "numSocialRecreation", "numEscort", "1+University", "1+Meal", "1+Shop", "1+PersonalBusiness", "1+SocialRecreation", "1+Escort"]}], "durationConsts": null, "sizeFunctionDurableCoeffMap": null, "outboundCoeffMap": null, "arrivalConsts": null, "durationPivot": null, "outInCoeffMap": null, "arrivalPivot": null, "sizeFunctionSegmentDefinitions": null, "outOfVehicleWeight": null, "numberOfZones": 3030, "shiftCoeffs": null, "shiftCoeffMap": null, "segmentDefinitions": [{"DataRef": "Tour", "Name": "Tour Purpose", "DataRange": [8, 16, 32, 64, 128], "Offset": 0}], "altThetas": null, "valueOfTime": null,