{"derivedValueCoeffMap": null, "randomSeed": 1234, "subModels": null, "durableCoeffMap": {"Household": [[4, 0, 1]]}, "congestionShifts": null, "inboundCoeffMap": null, "inboundCoeffs": [[]], "configFileName": "C:\\Users\\BeswicTW\\Desktop\\ABM_2017\\TourCast\\script\\StopGenerationSubmodel_FullyJointHalfTour2", "altSpecificConsts": [0, -4.10263, -4.30663, -8.96333, -4.10263, -4.10263, -4.50263, -4.70663, -11.85123, -4.50263, -4.50263, -4.70663, -9.86021, -6.02149, -4.70663, -9.36333, -11.50065, -9.36333, -4.50263, -4.50263, -4.50263], "sizeFunction": null, "durableCoeffs": [[0], [-0.2], [-0.2], [-0.2], [-0.2], [-0.2], [-0.4], [-0.4], [-0.4], [-0.4], [-0.4], [-0.4], [-0.4], [-0.4], [-0.4], [-0.4], [-0.4], [-0.4], [-0.4], [-0.4], [-0.4]], "segmentCoeffMap": [{"Vector": "transient", "Segment": 0, "Coefficients": [[0.0, 0.0, 0.0, 0.0, 0.0], [0.0, 2.39373, 0.1858, 0.0, 0.0], [0.0, 2.85443, 1.22276, 0.0, 0.0], [0.0, 2.85443, 0.1858, 0.0, 0.0], [0.0, 1.50456, -1.22287, 0.0, 0.0], [0.0, 0.16579, 0.1858, 0.0, 0.0], [0.0, 2.39373, 0.1858, 0.0, 0.0], [0.0, 2.39373, 1.22276, 0.0, 0.0], [0.0, 2.39373, 0.1858, 0.0, 0.0], [0.0, 1.04386, -1.22287, 0.0, 0.0], [0.0, -0.29491, 0.1858, 0.0, 0.0], [0.0, 2.85443, 1.22276, 0.0, 0.0], [0.0, 2.85443, 1.22276, 0.0, 0.0], [0.0, 1.50456, -0.18591, 0.0, 0.0], [0.0, 0.16579, 1.22276, 0.0, 0.0], [0.0, 2.85443, 0.1858, 0.0, 0.0], [0.0, 1.50456, -1.22287, 0.0, 0.0], [0.0, 0.16579, 0.1858, 0.0, 0.0], [0.0, 1.50456, -1.22287, 0.0, 0.0], [0.0, -1.18408, -1.22287, 0.0, 0.0], [0.0, 0.16579, 0.1858, 0.0, 0.0]], "Offset": 0}, {"Vector": "transient", "Segment": 0, "Coefficients": [[0.0, 0.0, 0.0, 0.0, 0.0], [-1.47875, -0.1917, -0.35029, -1.47875, -1.47875], [-1.47875, -0.1917, -0.35029, -1.47875, -1.47875], [-1.47875, -0.1917, -0.35029, -1.47875, -1.47875], [-1.47875, -0.1917, -0.35029, -1.47875, -1.47875], [-1.47875, -0.1917, -0.35029, -1.47875, -1.47875], [-1.47875, -0.1917, -0.35029, -1.47875, -1.47875], [-1.47875, -0.1917, -0.35029, -1.47875, -1.47875], [-1.47875, -0.1917, -0.35029, -1.47875, -1.47875], [-1.47875, -0.1917, -0.35029, -1.47875, -1.47875], [-1.47875, -0.1917, -0.35029, -1.47875, -1.47875], [-1.47875, -0.1917, -0.35029, -1.47875, -1.47875], [-1.47875, -0.1917, -0.35029, -1.47875, -1.47875], [-1.47875, -0.1917, -0.35029, -1.47875, -1.47875], [-1.47875, -0.1917, -0.35029, -1.47875, -1.47875], [-1.47875, -0.1917, -0.35029, -1.47875, -1.47875], [-1.47875, -0.1917, -0.35029, -1.47875, -1.47875], [-1.47875, -0.1917, -0.35029, -1.47875, -1.47875], [-1.47875, -0.1917, -0.35029, -1.47875, -1.47875], [-1.47875, -0.1917, -0.35029, -1.47875, -1.47875], [-1.47875, -0.1917, -0.35029, -1.47875, -1.47875]], "Offset": 5}, {"Vector": "transient", "Segment": 0, "Coefficients": [[0.0, 0.0, 0.0, 0.0, 0.0], [-0.39554, 0.08371, -0.39554, -0.39554, -0.39554], [-0.39554, 0.08371, -0.39554, -0.39554, -0.39554], [-0.39554, 0.08371, -0.39554, -0.39554, -0.39554], [-0.39554, 0.08371, -0.39554, -0.39554, -0.39554], [-0.39554, 0.08371, -0.39554, -0.39554, -0.39554], [-0.39554, 0.08371, -0.39554, -0.39554, -0.39554], [-0.39554, 0.08371, -0.39554, -0.39554, -0.39554], [-0.39554, 0.08371, -0.39554, -0.39554, -0.39554], [-0.39554, 0.08371, -0.39554, -0.39554, -0.39554], [-0.39554, 0.08371, -0.39554, -0.39554, -0.39554], [-0.39554, 0.08371, -0.39554, -0.39554, -0.39554], [-0.39554, 0.08371, -0.39554, -0.39554, -0.39554], [-0.39554, 0.08371, -0.39554, -0.39554, -0.39554], [-0.39554, 0.08371, -0.39554, -0.39554, -0.39554], [-0.39554, 0.08371, -0.39554, -0.39554, -0.39554], [-0.39554, 0.08371, -0.39554, -0.39554, -0.39554], [-0.39554, 0.08371, -0.39554, -0.39554, -0.39554], [-0.39554, 0.08371, -0.39554, -0.39554, -0.39554], [-0.39554, 0.08371, -0.39554, -0.39554, -0.39554], [-0.39554, 0.08371, -0.39554, -0.39554, -0.39554]], "Offset": 7}, {"Vector": "transient", "Segment": 0, "Coefficients": [[0.0, 0.0, 0.0, 0.0, 0.0], [0.07054, 0.05477, -0.003, -0.003, -0.003], [0.07054, 0.05477, -0.003, -0.003, -0.003], [0.07054, 0.05477, -0.003, -0.003, -0.003], [0.06585, 0.05008, -0.00769, -0.00769, -0.00769], [0.07209, 0.05632, -0.00145, -0.00145, -0.00145], [0.07054, 0.05477, -0.003, -0.003, -0.003], [0.07054, 0.05477, -0.003, -0.003, -0.003], [0.07054, 0.05477, -0.003, -0.003, -0.003], [0.06585, 0.05008, -0.00769, -0.00769, -0.00769], [0.07209, 0.05632, -0.00145, -0.00145, -0.00145], [0.07054, 0.05477, -0.003, -0.003, -0.003], [0.07054, 0.05477, -0.003, -0.003, -0.003], [0.06585, 0.05008, -0.00769, -0.00769, -0.00769], [0.07209, 0.05632, -0.00145, -0.00145, -0.00145], [0.07054, 0.05477, -0.003, -0.003, -0.003], [0.06585, 0.05008, -0.00769, -0.00769, -0.00769], [0.07209, 0.05632, -0.00145, -0.00145, -0.00145], [0.06585, 0.05008, -0.00769, -0.00769, -0.00769], [0.0674, 0.05163, -0.00614, -0.00614, -0.00614], [0.07209, 0.05632, -0.00145, -0.00145, -0.00145]], "Offset": 8}, {"Vector": "transient", "Segment": 0, "Coefficients": [[0.0, 0.0, 0.0, 0.0, 0.0], [-0.85985, -0.32319, -0.32319, -0.00686, -0.32319], [-0.85985, -0.32319, -0.32319, -0.00686, -0.32319], [-0.85985, -0.32319, -0.32319, -0.00686, -0.32319], [-0.85985, -0.32319, -0.32319, -0.00686, -0.32319], [-0.85985, -0.32319, -0.32319, -0.00686, -0.32319], [-0.85985, -0.32319, -0.32319, -0.00686, -0.32319], [-0.85985, -0.32319, -0.32319, -0.00686, -0.32319], [-0.85985, -0.32319, -0.32319, -0.00686, -0.32319], [-0.85985, -0.32319, -0.32319, -0.00686, -0.32319], [-0.85985, -0.32319, -0.32319, -0.00686, -0.32319], [-0.85985, -0.32319, -0.32319, -0.00686, -0.32319], [-0.85985, -0.32319, -0.32319, -0.00686, -0.32319], [-0.85985, -0.32319, -0.32319, -0.00686, -0.32319], [-0.85985, -0.32319, -0.32319, -0.00686, -0.32319], [-0.85985, -0.32319, -0.32319, -0.00686, -0.32319], [-0.85985, -0.32319, -0.32319, -0.00686, -0.32319], [-0.85985, -0.32319, -0.32319, -0.00686, -0.32319], [-0.85985, -0.32319, -0.32319, -0.00686, -0.32319], [-0.85985, -0.32319, -0.32319, -0.00686, -0.32319], [-0.85985, -0.32319, -0.32319, -0.00686, -0.32319]], "Offset": 11}, {"Vector": "transient", "Segment": 0, "Coefficients": [[0.0, 0.0, 0.0, 0.0, 0.0], [0.64233, 0.0, 1.06653, 0.0, 0.0], [0.81873, 0.1764, 1.24293, 0.1764, 0.1764], [1.46481, 0.82248, 1.88901, 0.82248, 0.82248], [1.05004, 0.40772, 1.47424, 0.40772, 0.40772], [0.64233, 0.0, 1.06653, 0.0, 0.0], [0.64233, 0.0, 1.06653, 0.0, 0.0], [0.81873, 0.1764, 1.24293, 0.1764, 0.1764], [1.46481, 0.82248, 1.88901, 0.82248, 0.82248], [1.05004, 0.40772, 1.47424, 0.40772, 0.40772], [0.64233, 0.0, 1.06653, 0.0, 0.0], [0.81873, 0.1764, 1.24293, 0.1764, 0.1764], [1.64121, 0.99888, 2.06541, 0.99888, 0.99888], [1.22644, 0.58412, 1.65064, 0.58412, 0.58412], [0.81873, 0.1764, 1.24293, 0.1764, 0.1764], [1.46481, 0.82248, 1.88901, 0.82248, 0.82248], [1.87252, 1.2302, 2.29672, 1.2302, 1.2302], [1.46481, 0.82248, 1.88901, 0.82248, 0.82248], [1.05004, 0.40772, 1.47424, 0.40772, 0.40772], [1.05004, 0.40772, 1.47424, 0.40772, 0.40772], [0.64233, 0.0, 1.06653, 0.0, 0.0]], "Offset": 12}, {"Vector": "transient", "Segment": 0,