{"derivedValueCoeffMap": null, "randomSeed": 1234, "subModels": null, "durableCoeffMap": {"DerivedDurableValues": [[0, 0, 26]], "Constants": [[0, 26, 1]]}, "congestionShifts": null, "inboundCoeffMap": null, "inboundCoeffs": [[]], "configFileName": "TourModeChoiceLogsum_IndividualNonMandatory", "altSpecificConsts": [0, 1.092, 1.793, 0.075, -3.061, -1.707, 1.227], "sizeFunction": null, "durableCoeffs": [[0.0, -0.43760131, 0.0, 0.0, 0.0, 0.0, 0.51658168, 0.0, 0.0, 0.33935106, 0.0, 0.0, 0.0, 0.0, 1.35215888, 1.56052593, 0.0, 0.0, 0.0, 0.0, 0.0, 0.0, 0.0, 0.2, 1.5, 1.5, NaN], [2.09870884, 0.0, 0.22108612, -1.18148769, 0.68283862, 0.0, 0.0, 3.25116193, 0.0, 0.0, 0.0, 0.0, 0.0, 0.0, 0.0, 0.0, 0.0, -0.99672635, 1.05581701, 0.55461742, 0.60585174, 3.55437989, 0.0, 0, 0.0, 0.0, NaN], [2.09870884, 0.0, 0.22108612, -1.29479841, 0.82660964, -0.49112738, 0.0, 3.25116193, 0.0, 0.0, 0.0, 0.0, 0.0, 0.0, 0.0, 0.0, 0.0, -0.99672635, 1.05581701, 0.55461742, 0.87576631, 3.55437989, -0.08726364, -0.2, 0.0, 0.0, NaN], [0.0, 0.0, 0.0, 0.0, 0.0, 0.0, 0.0, 0.0, 0.0, 0.0, 0.0, 0.0, 0.0, 0.70682343, -0.08203708, 0.0, -1.98913392, -2.94175279, 0.0, 0.0, 0.0, 0.0, 0.0, -0.63822804, -2.0, -5.0, NaN], [0.0, 0.0, 0.0, 0.0, 0.0, 0.0, 0.0, 0.0, 0.0, 0.0, 0.0, 0.0, 0.0, 0.0, -0.08203708, 0.0, -1.98913392, -2.94175279, 0.0, 0.0, 0.0, 0.0, 0.0, -1.03822804, 0.0, 0.0, NaN], [3.03455379, 0.0, 0.0, 0.0, 0.0, 0.0, 0.0, 4.08538342, 0.71495095, 0.0, -1.2235693, 0.9197482, 0.0, 0.0, 0.0, 0.0, 0.0, 0.0, 0.0, 0.0, 0.0, 0.0, 0.0, -0.40755125, 0.0, 0.0, NaN], [3.03455379, 0.0, 0.0, 0.0, 0.0, 0.0, 0.0, 0.0, 0.0, 0.0, 0.0, 0.0, -1.19892332, 0.0, 0.0, 0.0, 0.0, 0.0, 0.0, 0.0, 0.0, 0.0, 0.0, -1.40755125, 0.0, 0.0, NaN]], "segmentCoeffMap": [{"Vector": "transient", "Segment": 0, "Coefficients": [[-0.00160928, -0.00130214, -0.0009938, -0.00088908, -0.0005963], [-0.00160928, -0.00130214, -0.0009938, -0.00088908, -0.0005963], [-0.00160928, -0.00130214, -0.0009938, -0.00088908, -0.0005963], [-0.00160928, -0.00130214, -0.0009938, -0.00088908, -0.0005963], [-0.00160928, -0.00130214, -0.0009938, -0.00088908, -0.0005963], [0.0, 0.0, 0.0, 0.0, 0.0], [0.0, 0.0, 0.0, 0.0, 0.0]], "Offset": 0}, {"Vector": "durable", "Segment": 0, "Coefficients": [[0, 0, 0, 0, 0], [0, 0, 0, 0, 0], [0, 0, 0, 0, 0], [4.5, 0.5, 0, 0, 0], [0, 0, 0, 0, 0], [0.5, 0, 0, 0, 0], [0, 0, 0, 0, 0]], "Offset": 26}], "departureConsts": null, "outboundCoeffs": [[]], "sizeFunctionSegmentCoeffMap": null, "matrixWriterReferences": null, "dataReferences": [{"datatype": "int", "type": "memory", "name": "Persons", "columns": ["personId", "hhid", "HHZON", "age", "ptypeDAP", "gender"]}, {"dataType": "int", "type": "memory", "name": "PersonsModeledData", "columns": ["personId", "hhId", "homeZoneId", "DAPId"]}, {"dataType": "int", "type": "memory", "name": "HouseholdBaseData", "columns": ["hhid", "hhinc5s", "hhzon", "hh1Person", "hhsize", "hchildren", "hChild1", "hChild2", "hworkers"]}, {"dataType": "int", "type": "memory", "name": "HouseholdModeledData", "columns": ["nCars"]}, {"dataType": "int", "type": "memory", "name": "HouseholdPassData", "columns": ["mnPass", "transPass"]}, {"dataType": "int", "values": [1], "type": "constants", "name": "Constants", "columns": ["One"]}, {"dataType": "double", "values": [3.4, 4.2, 4.7, 7.9, 10.0], "type": "constants", "name": "ValueOfTime", "columns": ["incLt20k", "inc20_40k", "inc40_70k", "inc70_100k", "incGt100k"]}, {"dataType": "double", "type": "memory", "name": "Tours", "columns": ["personId", "tourId", "tourPurp", "homeZoneId", "arrival", "departure"]}, {"dataType": "int", "type": "memory", "name": "HalfTour1", "columns": ["nMeal", "nPerBus", "nSocial", "nEscort", "nSchEsc", "nWork", "nShop", "nSchool", "nUniver"]}, {"dataType": "int", "type": "memory", "name": "HalfTour2", "columns": ["nMeal", "nPerBus", "nSocial", "nEscort", "nSchEsc", "nWork", "nShop", "nSchool", "nUniver"]}, {"dataType": "double", "type": "memory", "name": "DerivedValues", "columns": ["RT Cost(I5)", "RT Distance", "Gen Time", "tot_EmpDensity", "mix_dens destination", "district_1", "district_6", "district_2_3_7"]}, {"dataType": "int", "type": "memory", "name": "DerivedDurableValues", "columns": ["noCarsInHh", "incLt50k", "incGt75k", "hh1Person", "hchild1", "hhsize2", "isftw", "isChild2", "male", "ageGt35", "ageGt55", "isAdtStud", "isSen", "nFjTours", "isShop", "isPerBus", "isMeal", "isSocRec", "xMealHT12", "xSRecHT12", "arr6Pmto12Am", "xEscStopHT12", "arr10AmTo4Pm", "xStopsHT12", "autoGeWorker", "autoGeDriver"]}, {"type": "dbffile", "name": "Zones", "columns": ["zoneId", "mix_dens", "totEmpDen", "term_time", "park_cost", "ret_emp", "population", "tot_emp", "area", "district"], "filename": "C:\\projects\\met_council_git\\replacement_networks\\outputs\\zones_1.dbf"}], "durationConsts": null, "sizeFunctionDurableCoeffMap": null, "outboundCoeffMap": null, "arrivalConsts": null, "durationPivot": null, "outInCoeffMap": null, "arrivalPivot": null, "sizeFunctionSegmentDefinitions": null, "outOfVehicleWeight": null, "numberOfZones": 3030, "shiftCoeffs": null, "shiftCoeffMap": null, "segmentDefinitions": [{"DataRef": "HouseholdBaseData", "Name": "5 Income Segments", "DataRange": [0, 1, 2, 3, 4], "Offset": 1}], "altThetas": null, "valueOfTime": null, "transientCoeffs": [[NaN, -0.007, 0.0, -1e-05, 0.0, 0.0, 0.0, 0.0], [NaN, -0.007, 0.0, 0.0, 0.0, 0.0, 0.0, 0.0], [NaN, -0.007, 0.0, 0.0, 0.0, 0.0, 0.0, 0.0], [NaN, -0.007, 0.0, 4e-05, 0.00069921, 0.0, 0.0, 0.0], [NaN, -0.007, 0.0, 1.8e-06, 0.0, 0.0, 0.0, 0.0], [NaN, 0.0, -0.27208158, 0.0, 0.00056758, 0.0, 0.0, 0.0], [NaN, 0.0, -0.844857, 0.0, 0.00054258, 0.0, 0.0, 0.0]], "instantiationType": "ModelComponent", "altNames": ["Drive Alone", "Shared Ride2", "Shared Ride3", "Walk Transit", "Drive Transit", "Bike", "Walk"], "tourCoeffMap": null, "sizeFunctionTransientCoeffMap": null, "outInCoeffs": [[]], "modelComponentName": "TourModeChoiceLogsumIndNonMnd", "autoTotGenTimeCoeff": null, "transientCoeffMap": {}, "matrixReferences": [{"name": "AMPeak", "filename": "C:\\projects\\met_council_git\\replacement_networks\\outputs\\HWY_SKIM_0_AM.skm", "startTime": "6", "isHighwayTimeSpanMatrix": "true", "endTime": "9.5", "type": "matrix", "matrixNames": ["dapdist", "daptoll", "a2pdist", "a2ptoll", "a3pdist", "a3ptoll", "daptime", "a2ptime", "a3ptime", "dantime", "a2ntime", "a3ntime", "dantoll", "a2ntoll", "a3ntoll"]}, {"name": "Midday", "filename": "C:\\projects\\met_council_git\\replacement_networks\\outputs\\HWY_SKIM_0_MD.skm", "startTime": "10", "isHighwayTimeSpanMatrix": "true", "endTime": "14.5", "type": "matrix", "matrixNames": ["dapdist", "daptoll", "a2pdist", "a2ptoll", "a3pdist", "a3ptoll", "daptime", "a2ptime", "a3ptime", "dantime", "a2ntime", "a3ntime", "dantoll", "a2ntoll", "a3ntoll"]}, {"name": "PMPeak", "filename": "C:\\projects\\met_council_git\\replacement_networks\\outputs\\HWY_SKIM_0_PM.skm", "startTime": "15", "isHighwayTimeSpanMatrix": "true", "endTime": "18.5", "type": "matrix", "matrixNames": ["dapdist", "daptoll", "a2pdist", "a2ptoll", "a3pdist", "a3ptoll", "daptime", "a2ptime", "a3ptime", "dantime", "a2ntime", "a3ntime", "dantoll", "a2ntoll", "a3ntoll"]}, {"name": "Overnight", "filename": "C:\\projects\\met_council_git\\replacement_networks\\outputs\\HWY_SKIM_0_NT.skm", "startTime": "19", "isHighwayTimeSpanMatrix": "true", "endTime": "5.5", "type": "matrix", "matrixNames": ["dapdist", "daptoll", "a2pdist", "a2ptoll", "a3pdist", "a3ptoll", "daptime", "a2ptime", "a3ptime", "dantime", "a2ntime", "a3ntime", "dantoll", "a2ntoll", "a3ntoll"]}, {"matrixNames": ["FARE", "FAREP", "TRNTIME", "WLKACC", "WLKXFER", "WLKEGR", "IWAIT", "XWAIT", "XFERS"], "type": "matrix", "name": "PeakWalkToTransit", "filename": "C:\\projects\\met_council_git\\replacement_networks\\outputs\\XIT_WK_SKIM_0_PK.skm"}, {"matrixNames": ["FARE", "FAREP", "DRACC", "TRNTIME", "WLKXFER", "WLKEGR", "IWAIT", "XWAIT", "XFERS"], "type": "matrix", "name": "PeakDriveToTransit",