{"derivedValueCoeffMap": null, "randomSeed": 1234, "subModels": null, "durableCoeffMap": {"INMAssembledData": [[5, 1, 11]], "Constants": [[0, 0, 1]]}, "congestionShifts": null, "inboundCoeffMap": null, "inboundCoeffs": [[]], "configFileName": "IndividualNonMandatory", "altSpecificConsts": [0.0, -12.16574, -14.18503, -15.60871, -10.51629, -15.77723, -26.7582, -28.79789, -30.22158, -24.89985, -30.0981, -27.68422, -32.24086, -26.88871, -32.40938, -29.26725, -28.57212, -33.43734, -23.65974, -28.44571, -28.26499, -29.03873, -32.1453, -33.56898, -28.24726, -33.4455, -31.05203, -35.60867, -30.02722, -35.48519, -32.63506, -31.71063, -36.51315, -26.79825, -31.29222, -31.3408, -29.96475, -34.495, -29.14285, -34.66352, -34.65435, -33.69949, -38.82444, -28.78711, -33.57308, -33.65209, -31.54778, -30.98561, -35.85083, -30.47052, -34.86077, -34.68005, -25.94027, -30.34411, -29.68842, -30.54553], "sizeFunction": null, "durableCoeffs": [[NaN, 0.0, 0.0, 0.0, 0.0, 0.0, 0.0, 0.0, 0.0, 0.0, 0.0, 0.0], [NaN, -0.17533, 0.13481, 0.07668, 0.0, 0.15142, -0.21517, -0.21169, 0.0, 0.37817, -0.45186, 0.08509], [NaN, -0.15, -0.19116, 0.0, 0.08402, 0.15142, -0.68464, -0.0758, -0.14431, 0.37817, -0.45186, 0.2465], [NaN, -0.15, 0.13481, 0.0, 0.0, 0.15142, -0.21517, 0.0, 0.0, 0.37817, -0.45186, 0.24773], [NaN, -0.09876, -0.33847, 0.01603, 0.0, 0.15142, -0.68786, 0.0, 0.0, 0.37817, -0.45186, 0.08509], [NaN, -0.15, -1.30988, 0.0, 0.0, 0.15142, -0.21517, 0.1458, 0.1026, 0.37817, -0.17399, 0.08509], [NaN, -0.17533, 0.13481, 0.07668, 0.0, 0.15142, -0.21517, -0.02494, 0.0, 0.62807, -0.45186, 0.1904], [NaN, -0.17533, -0.19116, 0.07668, 0.08402, 0.15142, -0.68464, -0.10074, -0.14431, 0.62807, -0.45186, 0.35181], [NaN, -0.17533, 0.13481, 0.07668, 0.0, 0.15142, -0.21517, -0.02494, 0.0, 0.62807, -0.45186, 0.35304], [NaN, -0.12409, -0.33847, 0.09271, 0.0, 0.15142, -0.68786, -0.02494, 0.0, 0.62807, -0.45186, 0.1904], [NaN, -0.17533, -1.30988, 0.07668, 0.0, 0.15142, -0.21517, 0.12086, 0.1026, 0.62807, -0.17399, 0.1904], [NaN, -0.15, -0.19116, 0.0, 0.08402, 0.15142, -0.68464, 0.11095, -0.14431, 0.62807, -0.45186, 0.35181], [NaN, -0.15, -0.19116, 0.0, 0.08402, 0.15142, -0.68464, 0.11095, -0.14431, 0.62807, -0.45186, 0.51446], [NaN, -0.09876, -0.66444, 0.01603, 0.08402, 0.15142, -1.15732, 0.11095, -0.14431, 0.62807, -0.45186, 0.35181], [NaN, -0.15, -1.63585, 0.0, 0.08402, 0.15142, -0.68464, 0.25675, -0.04172, 0.62807, -0.17399, 0.35181], [NaN, -0.15, 0.13481, 0.0, 0.0, 0.15142, -0.21517, 0.18675, 0.0, 0.62807, -0.45186, 0.35304], [NaN, -0.09876, -0.33847, 0.01603, 0.0, 0.15142, -0.68786, 0.18675, 0.0, 0.62807, -0.45186, 0.35304], [NaN, -0.15, -1.30988, 0.0, 0.0, 0.15142, -0.21517, 0.33255, 0.1026, 0.62807, -0.17399, 0.35304], [NaN, -0.09876, -0.33847, 0.01603, 0.0, 0.15142, -0.68786, 0.18675, 0.0, 0.62807, -0.45186, 0.1904], [NaN, -0.09876, -1.78316, 0.01603, 0.0, 0.15142, -0.68786, 0.33255, 0.1026, 0.62807, -0.17399, 0.1904], [NaN, -0.15, -1.30988, 0.0, 0.0, 0.15142, -0.21517, 0.33255, 0.1026, 0.62807, -0.17399, 0.1904], [NaN, -0.17533, 0.13481, 0.07668, 0.0, 0.15142, -0.21517, -0.02494, 0.0, 0.62807, -0.45186, 0.1904], [NaN, -0.17533, -0.19116, 0.07668, 0.08402, 0.15142, -0.68464, -0.10074, -0.14431, 0.62807, -0.45186, 0.35181], [NaN, -0.17533, 0.13481, 0.07668, 0.0, 0.15142, -0.21517, -0.02494, 0.0, 0.62807, -0.45186, 0.35304], [NaN, -0.12409, -0.33847, 0.09271, 0.0, 0.15142, -0.68786, -0.02494, 0.0, 0.62807, -0.45186, 0.1904], [NaN, -0.17533, -1.30988, 0.07668, 0.0, 0.15142, -0.21517, 0.12086, 0.1026, 0.62807, -0.17399, 0.1904], [NaN, -0.17533, -0.19116, 0.07668, 0.08402, 0.15142, -0.68464, -0.10074, -0.14431, 0.62807, -0.45186, 0.35181], [NaN, -0.17533, -0.19116, 0.07668, 0.08402, 0.15142, -0.68464, -0.10074, -0.14431, 0.62807, -0.45186, 0.51446], [NaN, -0.12409, -0.66444, 0.09271, 0.08402, 0.15142, -1.15732, -0.10074, -0.14431, 0.62807, -0.45186, 0.35181], [NaN, -0.17533, -1.63585, 0.07668, 0.08402, 0.15142, -0.68464, 0.04506, -0.04172, 0.62807, -0.17399, 0.35181], [NaN, -0.17533, 0.13481, 0.07668, 0.0, 0.15142, -0.21517, -0.02494, 0.0, 0.62807, -0.45186, 0.35304], [NaN, -0.12409, -0.33847, 0.09271, 0.0, 0.15142, -0.68786, -0.02494, 0.0, 0.62807, -0.45186, 0.35304], [NaN, -0.17533, -1.30988, 0.07668, 0.0, 0.15142, -0.21517, 0.12086, 0.1026, 0.62807, -0.17399, 0.35304], [NaN, -0.12409, -0.33847, 0.09271, 0.0, 0.15142, -0.68786, -0.02494, 0.0, 0.62807, -0.45186, 0.1904], [NaN, -0.12409, -1.78316, 0.09271, 0.0, 0.15142, -0.68786, 0.12086, 0.1026, 0.62807, -0.17399, 0.1904], [NaN, -0.17533, -1.30988, 0.07668, 0.0, 0.15142, -0.21517, 0.12086, 0.1026, 0.62807, -0.17399, 0.1904], [NaN, -0.15, -0.19116, 0.0, 0.08402, 0.15142, -0.68464, 0.11095, -0.14431, 0.62807, -0.45186, 0.35181], [NaN, -0.15, -0.19116, 0.0, 0.08402, 0.15142, -0.68464, 0.11095, -0.14431, 0.62807, -0.45186, 0.51446], [NaN, -0.09876, -0.66444, 0.01603, 0.08402, 0.15142, -1.15732, 0.11095, -0.14431, 0.62807, -0.45186, 0.35181], [NaN, -0.15, -1.63585, 0.0, 0.08402, 0.15142, -0.68464, 0.25675, -0.04172, 0.62807, -0.17399, 0.35181], [NaN, -0.15, -0.19116, 0.0, 0.08402, 0.15142, -0.68464, 0.11095, -0.14431, 0.62807, -0.45186, 0.51446], [NaN, -0.09876, -0.66444, 0.01603, 0.08402, 0.15142, -1.15732, 0.11095, -0.14431, 0.62807, -0.45186, 0.51446], [NaN, -0.15, -1.63585, 0.0, 0.08402, 0.15142, -0.68464, 0.25675, -0.04172, 0.62807, -0.17399, 0.51446], [NaN, -0.09876, -0.66444, 0.01603, 0.08402, 0.15142, -1.15732, 0.11095, -0.14431, 0.62807, -0.45186, 0.35181], [NaN, -0.09876, -2.10913, 0.01603, 0.08402, 0.15142, -1.15732, 0.25675, -0.04172, 0.62807, -0.17399, 0.35181], [NaN, -0.15, -1.63585, 0.0, 0.08402, 0.15142, -0.68464, 0.25675, -0.04172, 0.62807, -0.17399, 0.35181], [NaN, -0.15, 0.13481, 0.0, 0.0, 0.15142, -0.21517, 0.18675, 0.0, 0.62807, -0.45186, 0.35304], [NaN, -0.09876, -0.33847, 0.01603, 0.0, 0.15142, -0.68786, 0.18675, 0.0, 0.62807, -0.45186, 0.35304], [NaN, -0.15, -1.30988, 0.0, 0.0, 0.15142, -0.21517, 0.33255, 0.1026, 0.62807, -0.17399, 0.35304], [NaN, -0.09876, -0.33847, 0.01603, 0.0, 0.15142, -0.68786, 0.18675, 0.0, 0.62807, -0.45186, 0.35304], [NaN, -0.09876, -1.78316, 0.01603, 0.0, 0.15142, -0.68786, 0.33255, 0.1026, 0.62807, -0.17399, 0.35304], [NaN, -0.15, -1.30988, 0.0, 0.0, 0.15142, -0.21517, 0.33255, 0.1026, 0.62807, -0.17399, 0.35304], [NaN, -0.09876, -0.33847, 0.01603, 0.0, 0.15142, -0.68786, 0.18675, 0.0, 0.62807, -0.45186, 0.1904], [NaN, -0.09876, -1.78316, 0.01603, 0.0, 0.15142, -0.68786, 0.33255, 0.1026, 0.62807, -0.17399, 0.1904], [NaN, -0.09876, -1.78316, 0.01603, 0.0, 0.15142, -0.68786, 0.33255, 0.1026, 0.62807, -0.17399, 0.1904], [NaN, -0.15, -1.30988, 0.0, 0.0, 0.15142, -0.21517, 0.33255, 0.1026, 0.62807, -0.17399, 0.1904]], "segmentCoeffMap": [{"Vector": "durable", "Segment": 0,