{"derivedValueCoeffMap": null, "randomSeed": 1234, "subModels": null, "durableCoeffMap": {"Constants": [[0, 0, 1]]}, "congestionShifts": null, "inboundCoeffMap": null, "inboundCoeffs": [[]], "configFileName": "WorkBasedSubTour", "altSpecificConsts": [0.0, -5.27543, -5.22338, -5.74702, -5.82871, -10.8462, -4.56522, -8.95419, -10.3746, -10.7699, -10.136, -5.67072, -10.92789, -11.48117, -11.3178, -10.79415, -9.6644, -10.32255, -9.61235, -10.05969], "sizeFunction": null, "durableCoeffs": [[NaN], [NaN], [NaN], [NaN], [NaN], [NaN], [NaN], [NaN], [NaN], [NaN], [NaN], [NaN], [NaN], [NaN], [NaN], [NaN], [NaN], [NaN], [NaN], [NaN]], "segmentCoeffMap": [{"Vector": "durable", "Segment": 0, "Coefficients": [[0.0, 0.0, 0.0, 0.0, 0.0], [0.0, 0.0, 0.0, 0.0, 0.12008], [0.0, 0.0, 0.0, 0.0, 0.12008], [0.0, 0.0, 0.0, 0.0, 0.12008], [0.0, 0.0, 0.0, 0.0, 0.12008], [0.0, 0.0, 0.0, 0.0, 0.24017], [0.0, 0.0, 0.0, 0.0, 0.40901], [0.0, 0.0, 0.0, 0.0, 0.5291], [0.0, 0.0, 0.0, 0.0, 0.24017], [0.0, 0.0, 0.0, 0.0, 0.24017], [0.0, 0.0, 0.0, 0.0, 0.5291], [0.0, 0.0, 0.0, 0.0, 0.12008], [0.0, 0.0, 0.0, 0.0, 0.24017], [0.0, 0.0, 0.0, 0.0, 0.24017], [0.0, 0.0, 0.0, 0.0, 0.24017], [0.0, 0.0, 0.0, 0.0, 0.24017], [0.0, 0.0, 0.0, 0.0, 0.5291], [0.0, 0.0, 0.0, 0.0, 0.24017], [0.0, 0.0, 0.0, 0.0, 0.5291], [0.0, 0.0, 0.0, 0.0, 0.5291]], "Offset": 0}, {"Vector": "transient", "Segment": 1, "Coefficients": [[0.0, 0.0, 0.0, 0.0, 0.0, 0.0, 0.0, 0.0], [0.38087, 0.41779, 0.41779, 0.0, 0.0, 0.0, 0.0, 0.0], [0.0, 0.41779, 0.41779, 0.0, 0.0, 0.0, 0.0, 0.0], [0.0, 0.41779, 0.41779, 0.0, 0.0, 0.0, 0.0, 0.0], [0.34048, 0.75014, 0.75014, 0.0, 0.0, 0.0, 0.0, 0.0], [0.38087, 0.83557, 0.83557, 0.0, 0.0, 0.0, 0.0, 0.0], [0.0, 0.41779, 0.41779, 0.0, 0.0, 0.0, 0.0, 0.0], [0.0, 0.83557, 0.83557, 0.0, 0.0, 0.0, 0.0, 0.0], [0.38087, 0.83557, 0.83557, 0.0, 0.0, 0.0, 0.0, 0.0], [0.38087, 2.05127, 2.05127, 0.0, 0.0, 0.0, 0.0, 0.0], [0.0, 0.83557, 0.83557, 0.0, 0.0, 0.0, 0.0, 0.0], [0.0, 1.63349, 1.63349, 0.0, 0.0, 0.0, 0.0, 0.0], [0.72135, 1.16793, 1.16793, 0.0, 0.0, 0.0, 0.0, 0.0], [0.34048, 1.16793, 1.16793, 0.0, 0.0, 0.0, 0.0, 0.0], [0.0, 0.83557, 0.83557, 0.0, 0.0, 0.0, 0.0, 0.0], [0.0, 0.83557, 0.83557, 0.0, 0.0, 0.0, 0.0, 0.0], [0.38087, 0.83557, 0.83557, 0.0, 0.0, 0.0, 0.0, 0.0], [0.38087, 0.83557, 0.83557, 0.0, 0.0, 0.0, 0.0, 0.0], [0.0, 0.83557, 0.83557, 0.0, 0.0, 0.0, 0.0, 0.0], [0.0, 2.05127, 2.05127, 0.0, 0.0, 0.0, 0.0, 0.0]], "Offset": 0}, {"Vector": "transient", "Segment": 2, "Coefficients": [[0.0, 0.0, 0.0, 0.0, 0.0, 0, 0, 0.0], [0.0, 0.0, 0.0, 0.0, 0.0, -1.15393, 0, 0.0], [0.0, 0.0, 0.0, 0.0, 0.0, -1.54136, 0, 0.0], [0.0, 0.0, 0.0, 0.0, 0.0, -1.69667, 0, 0.0], [0.0, 0.0, 0.0, 0.0, 0.0, -0.64269, -0.81383, 0.0], [0.0, 0.0, 0.0, 0.0, 0.0, -2.85062, 0, 0.0], [0.0, 0.0, 0.0, 0.0, 0.0, -0.71597, 0, 0.0], [0.0, 0.0, 0.0, 0.0, 0.0, -1.43195, 0, 0.0], [0.0, 0.0, 0.0, 0.0, 0.0, -2.30788, 0, 0.0], [0.0, 0.0, 0.0, 0.0, 0.0, -2.55123, 0, 0.0], [0.0, 0.0, 0.0, 0.0, 0.0, -2.41265, 0, 0.0], [0.0, 0.0, 0.0, 0.0, 0.0, -1.39728, 0, 0.0], [0.0, 0.0, 0.0, 0.0, 0.0, -1.79664, -0.81383, 0.0], [0.0, 0.0, 0.0, 0.0, 0.0, -1.2854, -0.93018, 0.0], [0.0, 0.0, 0.0, 0.0, 0.0, -3.39336, 0, 0.0], [0.0, 0.0, 0.0, 0.0, 0.0, -3.23805, 0, 0.0], [0.0, 0.0, 0.0, 0.0, 0.0, -1.86991, 0, 0.0], [0.0, 0.0, 0.0, 0.0, 0.0, -2.69531, 0, 0.0], [0.0, 0.0, 0.0, 0.0, 0.0, -2.25734, 0, 0.0], [0.0, 0.0, 0.0, 0.0, 0.0, -2.11326, 0, 0.0]], "Offset": 1}], "departureConsts": null, "outboundCoeffs": [[]], "sizeFunctionSegmentCoeffMap": null, "matrixWriterReferences": null, "dataReferences": [{"values": [1], "type": "constants", "name": "Constants", "columns": ["One"]}, {"deferredLoad": true, "type": "dbffile", "name": "Data", "columns": ["persId", "persTourId", "hhId", "homeZoneId", "tourPurp", "destZoneId", "hhinc5s", "PTMode", "ptype", "male", "2MndTours", "numWKTours", "numScEscTrs", "logdistHmWk", "rehwyacc10", "nehwyacc10", "durationPT", "30minLT12", "30minGT12", "tourArr", "tourDep"], "filename": "C:\\projects\\met_council_git\\data\\interim\\TC_OutputPreWBST_5.dbf"}, {"filename": "C:\\projects\\met_council_git\\data\\interim\\TC_OutputWBSTGeneration_5.dbf", "type": "dbffile", "name": "OutputTours", "parameters": [["personId", "personId"], ["persTourId", "persTourId"], ["tourPurp", "tourPurp"], ["hhId", "hhId"], ["homeZoneId", "homeZoneId"], ["origZoneId", "origZoneId"], ["parentMode", "parentMode"], ["parTourId", "parTourId"], ["ptArrive", "ptArrive"], ["ptDepart", "ptDepart"]], "isOutput": "true"}], "durationConsts": null, "sizeFunctionDurableCoeffMap": null, "outboundCoeffMap": null, "arrivalConsts": null, "durationPivot": null, "outInCoeffMap": null, "arrivalPivot": null, "sizeFunctionSegmentDefinitions": null, "outOfVehicleWeight": null, "numberOfZones": 3030, "shiftCoeffs": null, "shiftCoeffMap": null, "segmentDefinitions": [{"DataRef": "Data", "Name": "Income 5 segment", "DataRange": [0, 1, 2, 3, 4], "Offset": 6}, {"DataRef": "Data", "Name": "Parent Tour Mode", "DataRange": [1, 2, 3, 4, 5, 6, 7, 8], "Offset": 7}, {"DataRef": "Data", "Name": "Person Type", "DataRange": [1, 2, 3, 4, 5, 6, 7, 8], "Offset": 8}], "altThetas": null, "valueOfTime": null, "transientCoeffs": [[NaN, NaN, 0.0, 0.0, 0.0, 0.0, 0.0, 0.0, 0.0, 0.0, 0.0, 0.0], [NaN, NaN, 0.182876, 0.0, -0.711513, 0.731618, -0.111968, 0.07549, 0.09229, 0.437221, -0.249774, -0.773785], [NaN, NaN, 0.049803, 0.0, -0.711513, 0.731618, -0.111968, 0, 0.09229, 0.322969, -0.249774, -0.773785], [NaN, NaN, -0.128208, 0.0, -0.711513, 0.731618, -0.278507, 0, 0.27763, 0.0, -0.249774, -0.773785], [NaN, NaN, -0.186386, 0.0, -0.711513, 0.731618, -0.111968, 0, 0.09229, 0.566243, -0.249774, -0.773785], [NaN, NaN, 0.054668, 0.0, -1.423027, 1.463237, -0.390475, 0.07549, 0.36992, 0.437221, -0.499548, -1.54757], [NaN, NaN, 0.810864, 0.0, -0.711513, 0.731618, -0.111968, 0, 0.04229, 0.206603, -0.249774, -0.205063], [NaN, NaN, 1.621728, 0.0, -1.423027, 1.463237, -0.223937, 0, 0.08459, 0.206603, -0.499548, -0.978848], [NaN, NaN, 0.99374, 0.0, -1.423027, 1.463237, -0.223937, 0.07549, 0.18459, 0.437221, -0.499548, -1.54757], [NaN, NaN, -0.020894, 2.065835, -1.423027, 1.463237, -1.043236, 0.07549, 0.23459, 0.437221, -0.499548, -1.54757], [NaN, NaN, 0.682656, 0.0, -1.423027, 1.463237, -0.390475, 0, 0.31992, 0.206603, -0.499548, -0.978848], [NaN, NaN, -0.20377, 2.065835, -0.711513, 0.731618, -0.931268, 0, 0.14229, 0.0, -0.249774, -0.773785], [NaN, NaN, -0.00351, 0.0, -1.423027, 1.463237, -0.223937, 0.07549, 0.18459, 1.003464, -0.499548, -1.54757], [NaN, NaN, 0.624478, 0.0, -1.423027, 1.463237, -0.223937, 0, 0.18459, 0.566243, -0.499548, -1.54757], [NaN, NaN, 0.682656, 0.0, -1.423027, 1.463237, -0.390475, 0, 0.41992, 0.0, -0.499548, -1.54757], [NaN, NaN, -0.078405, 0.0, -1.423027, 1.463237, -0.390475, 0, 0.36992, 0.322969, -0.499548, -1.54757], [NaN, NaN, 0.99374, 0.0, -1.423027, 1.463237, -0.223937, 0.07549, 0.13459, 0.643824, -0.499548, -0.978848], [NaN, NaN, 0.232679, 0.0, -1.423027, 1.463237, -0.223937, 0.07549, 0.18459, 0.76019, -0.499548, -1.54757], [NaN, NaN, 0.860667, 0.0, -1.423027, 1.463237, -0.223937, 0, 0.13459, 0.529572, -0.499548, -0.978848], [NaN, NaN, 0.607093, 2.065835, -1.423027, 1.463237, -1.043236, 0, 0.18459, 0.206603, -0.499548, -0.978848]], "instantiationType": "ModelComponent", "altNames": ["None", "OneMeal", "OneSocRec", "OnePersBus", "OneShopping", "OneMealOnePersBus", "OneWork", "TwoWork", "TwoMeal", "OneMealOneEscort", "OneWorkOnePersBus", "OneEscort", "OneMealOneShopping", "TwoShopping", "TwoPersBus", "OnePersBusOneSocRec", "OneWorkOneMeal", "OneMealOneSocRec", "OneWorkOneSocRec", "OneWorkOneEsc"], "tourCoeffMap": null, "sizeFunctionTransientCoeffMap": null, "outInCoeffs": [[]], "modelComponentName": "WorkBasedSubTour", "autoTotGenTimeCoeff": null, "transientCoeffMap": {"Data": [[9, 2, 10]], "Constants": [[0, 0, 1], [0, 1, 1]]}, "matrixReferences": [], "logitType": "NestedLogit",